,Name,Age,Height
6,Sergey,24,198.0
10,Evgenia,24,166.32
7,Pavel,28,190.07999999999998
1,Aleksey,29,190.07999999999998
9,Marina,31,161.37
3,Katy,34,164.34
4,Vladimir,34,193.05
8,Aleksandr,34,187.10999999999999
5,Olga,38,182.16
0,Victoria,41,164.34
2,Andrey,43,174.24
